id	vault	topic	difficulty	question	choice_a	choice_b	choice_c	choice_d	correct	explanation	source_key
M001	future	電影裡的科學	easy	《極限返航》的星際任務，最適合當成哪種材料？	科幻情境與科學討論入口	真實載人任務紀錄	已完成的工程規格	外星生命發現公告	A	作品能引發提問，但劇情不能直接當科學證據。	movie_film
M002	future	電影裡的科學	medium	NASA曾提供電影科學諮詢，代表所有設定都已實現嗎？	不代表，諮詢與實現不同	代表，電影就是任務文件	代表，所有設備已量產	代表，所有情節都經實驗	A	科學諮詢有助創作，不能取代每個設定的獨立驗證。	movie_consult
M003	future	電影裡的科學	easy	高速旅行的時間膨脹表示什麼？	不同路徑的鐘可累積不同時間	所有時鐘都壞了	太空人感覺每秒突然變長	時間完全停止	A	固有時間與運動路徑有關，本人身旁正常時鐘仍照常走。	movie_relativity
M004	future	電影裡的科學	medium	飛船內的人看自己的手錶，會覺得它慢動作嗎？	不會，局部生活照常	會，所有秒針都停住	會，思考也完全停止	會，光不能進入眼睛	A	時間差需比較不同觀察者或重逢時的時鐘。	movie_relativity
M005	future	電影裡的科學	easy	忽略引力、以0.8倍光速等速飛行，地球系10年對應船上約？	6年	10年	16.7年	0年	A	船上固有時間等於10乘根號下1減0.8平方，即6年。	movie_relativity
M006	future	電影裡的科學	medium	0.8倍光速的理想計算，省略了哪類條件？	加減速與完整往返路徑	地球系的時間單位	速度與光速的比例	題目給的10年	A	公式描述指定的等速航段，不自動涵蓋整趟旅行。	movie_relativity
M007	future	電影裡的科學	easy	雙生子重逢年齡差，應比較什麼？	各自完整路徑累積的固有時間	誰拿的手錶比較貴	誰先說自己靜止	誰在電影主角旁邊	A	需比較完整時空路徑，不能只用互相看對方在動作結論。	movie_relativity
M008	future	電影裡的科學	medium	飛得很快就能任意回到過去嗎？	不能由時間膨脹推出這個結論	能，超過音速即可	能，只要關掉手錶	能，任何太空船都行	A	往返年齡差不等於可任意回到自己的過去。	movie_relativity
M009	future	電影裡的科學	easy	比鄰星約4.24光年，光年在這裡代表？	距離	太空船保固期	燃料量	船上必定經過的時間	A	距離還需配合速度及參考系，才能討論航程。	movie_relativity
M010	future	電影裡的科學	medium	把電影中的特殊推進當成現成技術，問題在哪？	混淆設定與工程證據	電影片長不夠	演員不穿白袍	字幕沒有列票房	A	推進性能與能源來源需另行驗證，不能靠情節成立。	movie_consult
M011	future	電影裡的科學	easy	《火星救援》種馬鈴薯，現實最先需要哪類環境？	控制壓力溫度水分與光照的設施	直接裸露在火星地表	只靠紅色土壤	完全不需能源的棚子	A	地球作物需要受控生長條件，火星地表不能直接當農田。	movie_potato
M012	future	電影裡的科學	medium	馬鈴薯讓太空糧食研究感興趣，因為它能提供？	可食用的澱粉質塊莖	無限免費能源	完整且永久的單一飲食	不用水的光合作用	A	它能提供熱量，但不能取代全部營養需求。	movie_potato
M013	future	電影裡的科學	easy	把火星表面碎屑當地球肥沃土壤，忽略了什麼？	養分與生長介質條件不同	兩者顏色完全相同	植物完全不需要養分	土壤只需一個名字	A	火星風化層不是天然成熟農地，栽培介質仍需設計。	movie_potato
M014	future	電影裡的科學	medium	火星資源用於栽培與飲水前，哪種污染物值得注意？	高氯酸鹽	純淨水分子	可見光	普通重力	A	高氯酸鹽等成分需要評估與處理，不能忽略化學安全。	movie_toxic
M015	future	電影裡的科學	easy	NASA研究水耕馬鈴薯，說明種植一定要原生土嗎？	不一定，可設計水耕與養分循環	一定，沒有土就不能吸收養分	一定，水耕只能拍電影	不一定，植物不需任何介質或養分	A	水耕可供應養分與水，但仍需完整栽培管理。	movie_potato
M016	future	電影裡的科學	medium	密閉艙種植只要亮燈，就會無限長出食物嗎？	不會，仍需物質與環境管理	會，燈光能創造所有元素	會，種一次永遠不需維護	會，不必留意溫度	A	光提供能量，不會憑空製造植物所需全部元素。	movie_potato
M017	future	電影裡的科學	easy	深空食物系統為什麼不能只考慮熱量？	還要營養組成與可靠供應	太空人完全不需蛋白質	熱量單位在太空消失	所有作物營養都相同	A	多種作物與糧食配置有助滿足不同營養需求。	movie_potato
M018	future	電影裡的科學	medium	電影描繪一項可想像的技術，下一步如何檢查？	拆解物理原理與工程限制	只看視覺特效真不真	只看票房高不高	只看角色多有自信	A	科學與工程分析需要獨立來源，而非敘事說服力。	movie_consult
M019	future	電影裡的科學	easy	地球模擬環境種植成功，等於火星實地成功嗎？	不等於，實驗環境與任務環境不同	等於，只要土顏色接近	等於，電影也拍過	等於，不需後續研究	A	模擬實驗能測部分條件，無法一次涵蓋所有任務風險。	movie_potato
M020	future	電影裡的科學	medium	討論電影科學時，哪種說法最清楚？	先說哪段是設定，再說相關科學	把所有情節叫成真實發現	完全排除科學資料	只背角色台詞	A	保留欣賞作品的樂趣，同時分清設定、證據與未知。	movie_film
S051	cosmos	行星與衛星深度探索	easy	水星兩極能保存水冰，最重要的環境是？	深坑永久陰影	濃厚雲層降雪	海洋結冰	木星遮住太陽	A	永久陰影區長期不受陽光直射，能形成極冷陷阱。	solar_mercury
S052	cosmos	行星與衛星深度探索	medium	MESSENGER進入水星軌道花近七年，最能說明什麼？	航程受軌跡與減速需求影響	水星距離七光年	太空船只能每年移動一次	水星會躲避太空船	A	前往內行星也要處理太陽引力與入軌速度，不能只除距離。	mission_travel
S053	cosmos	行星與衛星深度探索	easy	金星的恆星日比公轉年更長，恆星日是？	相對遠方恆星自轉一圈	繞太陽一圈	兩次季節循環	雷達訊號往返時間	A	金星約243地球日自轉一圈，公轉約225日。	solar_venus
S054	cosmos	行星與衛星深度探索	medium	金星逆向自轉表示什麼？	方向與多數行星相反	永遠停止自轉	繞地球逆行	每天改變方向	A	逆向描述自轉方向，不表示不公轉或速度為零。	solar_venus
S055	cosmos	行星與衛星深度探索	easy	火星白天天空偏紅褐，主要與什麼有關？	懸浮細塵	海洋反光	茂密森林	純氧散射	A	細塵改變光的散射，火星不能直接套用地球藍天答案。	solar_mars
S056	cosmos	行星與衛星深度探索	medium	火衛一未來可能撞火星或形成環，原因是？	軌道正逐漸降低	火星突然變成黑洞	太陽停止發光	它被地球磁場拉走	A	火衛一受到潮汐作用，正緩慢靠近火星。	solar_phobos
S057	cosmos	行星與衛星深度探索	easy	木衛一大量火山的主要能量來源是？	潮汐形變加熱	地球雷射照射	濃厚溫室效應	核融合核心	A	木星與鄰近衛星的引力反覆拉扯木衛一內部。	solar_io
S058	cosmos	行星與衛星深度探索	medium	木衛一為何不是目前首選的宜居海洋世界？	強烈輻射與持續火山活動	完全沒有岩石	離太陽最近	表面全是液態水	A	其極端輻射和火山環境讓已知型生命很難生存。	solar_io
S059	cosmos	行星與衛星深度探索	easy	木衛三比水星大卻仍是衛星，分類依據是？	它主要繞木星運行	它沒有任何重力	它不是圓形	它位於地球內部	A	衛星或行星的分類涉及繞行對象，不只看直徑。	solar_ganymede
S060	cosmos	行星與衛星深度探索	medium	木衛三在太陽系衛星中特別之處是？	有自己的磁場	有可呼吸氧氣海洋	表面城市已確認	會自行核融合	A	木衛三是目前唯一已知具有自身磁場的衛星。	solar_ganymede
S061	cosmos	行星與衛星深度探索	easy	土衛六地表已知的湖海主要由什麼構成？	液態甲烷與乙烷	液態鐵	溫暖液態水	熔融玻璃	A	極低溫下，甲烷和乙烷能形成河流、湖泊與海。	solar_titan
S062	cosmos	行星與衛星深度探索	medium	土衛六上水冰可扮演類似地球哪種材料的角色？	岩石	雲朵	氧氣	木材	A	約零下179度的表面使水冰堅硬得像岩石。	solar_titan
S063	cosmos	行星與衛星深度探索	hard	土衛六有有機化學與液體，最嚴謹的結論是？	值得研究但尚未確認生命	必定遍地生物	有甲烷就等於生命	已發現外星文明	A	宜居線索與生命證據不是同一層級。	solar_titan
S064	cosmos	行星與衛星深度探索	medium	海衛一逆行軌道最支持哪種歷史？	可能被海王星捕獲	由海王星雲層直接噴出	原本是地球衛星	每天交換公轉方向	A	逆行且傾斜的軌道是捕獲來源的重要線索。	solar_triton
S065	cosmos	行星與衛星深度探索	easy	航海家二號在海王星看到的大黑斑最接近什麼？	大氣風暴系統	固體地面洞穴	外星城市陰影	永久海洋島嶼	A	海王星沒有可見固體表面，大黑斑屬大氣現象。	solar_neptune
S066	cosmos	行星與衛星深度探索	medium	天王星季節極端，與哪項特徵最相關？	自轉軸傾斜約98度	沒有繞太陽	表面全是火山	只在夜晚自轉	A	近乎側躺的自轉軸讓極區長時間朝向或背向太陽。	solar_uranus
S067	cosmos	行星與衛星深度探索	hard	稱天王星與海王星為冰巨行星，冰主要指？	形成材料中的水氨甲烷等揮發物	表面漂浮的普通冰塊	只有南極的霜	完全由純水組成	A	行星科學的冰是成分分類，深處可處於高壓高溫狀態。	solar_ice
S068	cosmos	行星與衛星深度探索	easy	木星可以讓太空船穿過整顆再從另一側出來嗎？	不能，壓力溫度會急遽升高	可以，內部完全真空	可以，中央有隧道	可以，因為氣體沒有質量	A	木星雖無固體地表，深處環境仍會摧毀太空船。	solar_jupiter
S069	cosmos	行星與衛星深度探索	hard	木星液態金屬氫導電，最可能參與產生什麼？	強大磁場	固體土壤	氧氣森林	彗星尾巴	A	導電流體運動可參與行星發電機作用。	solar_jupiter
S070	cosmos	宇宙地址與星際航行	easy	地球在八大行星中由太陽向外排第幾？	第三	第一	第六	第八	A	地球位於金星與火星之間，是第三顆行星。	solar_address
S071	cosmos	宇宙地址與星際航行	medium	太陽系繞銀河中心一圈大約需要？	約2.3億年	365天	24小時	8分鐘	A	這種尺度常被稱為一個銀河年。	solar_address
S072	cosmos	宇宙地址與星際航行	medium	日球層與歐特雲哪個通常延伸得更遠？	歐特雲	日球層	兩者都只到月球	兩者是同一物體	A	日球層由太陽風形成，太陽引力影響可延伸到遙遠歐特雲。	solar_heliosphere
S073	cosmos	宇宙地址與星際航行	hard	航海家進入星際空間卻仍未離開廣義太陽系，關鍵是？	已越日球層但仍遠未越歐特雲	它仍繞地球	星際空間不存在	太陽系只到火星	A	邊界答案取決於採太陽風或太陽引力的定義。	solar_heliosphere
S074	cosmos	宇宙地址與星際航行	easy	航海家二號從發射到飛掠海王星約多久？	12年	12天	12小時	120年	A	它1977年發射、1989年飛掠海王星。	mission_voyager2
S075	cosmos	宇宙地址與星際航行	easy	現代火星任務常見飛行時間約為？	7到10個月	8分鐘	一天	50年	A	實際航程依發射窗口與軌跡不同，常落在數月尺度。	mission_travel
S076	cosmos	宇宙地址與星際航行	medium	前往木星為何常要數年？	需兼顧軌道能量與任務設計	木星每晚關門	無線電推不動飛船	太陽系沒有木星	A	真實飛行不是把直線距離除以某個最高瞬時速度。	mission_travel
S077	cosmos	宇宙地址與星際航行	easy	太陽光到海王星軌道大約要多久？	約4.5小時	約4.5秒	約45天	約45年	A	光到地球約8分多鐘，到海王星軌道約4.5小時。	solar_oort
S078	cosmos	宇宙地址與星際航行	medium	用Parker最高速度估算所有行星航程，最大問題是？	把近太陽峰值當全程巡航速度	忘了速度有單位	行星沒有軌道	光速比它慢	A	峰值速度、軌跡、加減速和抵達方式都不能忽略。	solar_parker
S079	cosmos	宇宙地址與星際航行	hard	一天文單位與一光年最共同的性質是？	都是距離單位	都是時間單位	都是質量單位	都是溫度單位	A	名稱含年不代表光年是時間。	solar_address
S080	cosmos	宇宙地址與星際航行	medium	以現有已實現太空船技術前往比鄰星，最合理的描述是？	仍需數千到數萬年量級	已能一週抵達	每天有載人班次	光年就是一年可達	A	Parker峰值估算約6600年，Voyager速度則更久，且都非星際載人方案。	solar_proxima
A001	cosmos	小天體與行星防禦	easy	IAU目前正式承認的矮行星有幾顆？	五顆	一顆	八顆	數量等於衛星	A	目前為穀神星、冥王星、妊神星、鳥神星與鬩神星。	dwarf_overview
A002	cosmos	小天體與行星防禦	easy	唯一位於內太陽系的正式矮行星是？	穀神星	冥王星	鳥神星	鬩神星	A	穀神星位於火星與木星之間的小行星帶。	dwarf_ceres
A003	cosmos	小天體與行星防禦	medium	穀神星亮斑主要與什麼有關？	高反射鹽類沉積	城市夜景	液態鐵海	太陽表面物質	A	黎明號資料支持亮區含鹽，不是人工燈光。	dwarf_ceres
A004	cosmos	小天體與行星防禦	easy	鳥神星與鬩神星的發現帶來哪項影響？	促使天文界重思行星定義	證明冥王星消失	讓地球改變軌道	終止所有觀測	A	外太陽系類似天體增多，使分類標準必須一致。	dwarf_makemake
A005	cosmos	小天體與行星防禦	medium	冥王星成為矮行星，缺少行星定義的哪一項？	清空軌道鄰域	繞太陽運行	接近圓形	具有名稱	A	它與許多古柏帶天體共享軌道區域。	iau_planet
A006	cosmos	小天體與行星防禦	hard	「清空軌道鄰域」最接近哪種概念？	在軌道區域具動力學優勢	把所有灰塵掃乾淨	沒有任何衛星	表面一定光滑	A	它描述天體是否主導鄰近小天體的長期軌道。	iau_planet
A007	cosmos	小天體與行星防禦	easy	阿波菲斯將在哪一天安全近掠地球？	2029年4月13日	2026年9月8日	2061年1月1日	每年同一天	A	NASA確認2029年近掠不會撞擊地球。	asteroid_apophis
A008	cosmos	小天體與行星防禦	medium	目前對阿波菲斯撞擊風險最正確的說法是？	至少未來100年沒有撞擊風險	2029必定撞擊	明天就會撞擊	軌道完全未知	A	新增光學與雷達觀測已大幅精確化軌道。	asteroid_apophis
A009	cosmos	小天體與行星防禦	medium	阿波菲斯2029年近掠值得研究，主要因為？	可觀察地球引力如何改變它	能在表面開城市	它會點燃大氣百年	它已帶回樣本	A	罕見近掠提供研究軌道與表面變化的機會。	asteroid_apophis
A010	cosmos	小天體與行星防禦	easy	OSIRIS-REx從哪顆小行星帶回樣本？	貝努	阿波菲斯	靈神星	灶神星	A	樣本艙於2023年返回地球。	asteroid_bennu
A011	cosmos	小天體與行星防禦	medium	貝努樣本含有機物，能直接宣布什麼？	只能說有生命化學原料，不能宣布生命	已找到外星人	已找到恐龍化石	已證明所有小行星宜居	A	有機分子也能經非生物化學形成。	asteroid_bennu
A012	cosmos	小天體與行星防禦	easy	DART撞擊後，Dimorphos公轉週期約縮短多少？	32分鐘	32秒	32天	32年	A	撞擊將約11小時55分縮短至約11小時23分。	asteroid_dart
A013	cosmos	小天體與行星防禦	medium	DART任務示範的是哪種防禦方式？	動能撞擊偏轉	用聲音嚇走小行星	把地球移開	在月球挖洞	A	高速撞擊可讓目標軌道累積微小改變。	asteroid_dart
A014	cosmos	小天體與行星防禦	hard	DART成功後，為何不能說任何小行星都能同樣處理？	天體結構大小與預警時間不同	所有小行星完全相同	DART沒有撞擊	軌道力學已失效	A	真實策略必須依目標與時間條件設計。	asteroid_dart
A015	cosmos	小天體與行星防禦	easy	靈神星目前較合理的成分描述是？	岩石與金屬混合	整顆純金	全部液態水	中空玻璃球	A	分析估計金屬約占體積30%到60%。	asteroid_psyche
A016	cosmos	小天體與行星防禦	medium	把靈神星金屬直接換算成地球售價，忽略了什麼？	開採運輸市場與權利成本	它沒有任何質量	金屬沒有元素	地球不用貨幣	A	理論含量不等於可取得、可出售的資產價值。	asteroid_psyche
A017	cosmos	小天體與行星防禦	easy	木星特洛伊小行星主要聚集在哪裡？	木星軌道前後的L4與L5	地球南北極	太陽核心	月球背面城市	A	它們與木星共享繞日軌道的穩定區域。	asteroid_lucy
A018	cosmos	小天體與行星防禦	medium	Lucy研究特洛伊小行星，主要想理解什麼？	早期外行星形成材料	地球天氣預報	人體血型	黑洞內部照片	A	這些族群可能保存太陽系形成初期的線索。	asteroid_lucy
A019	cosmos	小天體與行星防禦	easy	哈雷彗星預計下一次回歸約在？	2061年	2029年	2100天後	每個月	A	它平均約76年回到內太陽系一次。	comet_halley
A020	cosmos	小天體與行星防禦	medium	哈雷彗星碎屑與哪些流星雨有關？	寶瓶座η與獵戶座	雙子座與象限儀座	只有英仙座	所有流星雨	A	同一顆彗星軌道碎屑可在不同交會處形成兩場流星雨。	comet_halley
A021	cosmos	小天體與行星防禦	easy	67P在探測史上的重要紀錄是？	首顆被太空船環繞並放下登陸器的彗星	首顆撞上地球的彗星	首顆自行發光的彗星	首顆變成恆星的彗星	A	羅塞塔環繞67P，菲萊登陸器到達其表面。	comet_67p
A022	cosmos	小天體與行星防禦	medium	67P發現甘胺酸與磷，最嚴謹的結論是？	找到重要化學成分但不是生命證據	已找到彗星人	彗星一定孕育森林	所有有機物都由生物製造	A	生命原料與生命本身必須分開。	comet_67p
A023	cosmos	小天體與行星防禦	easy	雙子座流星雨的主要母體是？	小天體3200 Phaethon	哈雷彗星	月球	比鄰星	A	它是少數主要與小行星型母體相關的流星雨。	meteor_geminids
A024	cosmos	小天體與行星防禦	medium	流星雨以星座命名，實際代表什麼？	流星路徑反推像從該處散開	碎片由那些恆星射出	星座會掉到地球	只有該星座可見	A	名稱來自天空中的輻射點，不是碎片真正起源的恆星。	meteor_geminids
A025	cosmos	小天體與行星防禦	hard	古柏帶與歐特雲最大的幾何差異是？	厚圓盤與遙遠球殼	兩者都是行星	兩者都在地球大氣	兩者已被完整拍成照片	A	歐特雲尚未直接成像，主要由長週期彗星軌道推論。	solar_oort
M021	future	科幻電影科學實驗室	easy	《星際效應》靠近黑洞時間變慢，對應哪種物理？	重力時間膨脹	聲音折射	化學燃燒	板塊運動	A	強重力會讓不同位置的時鐘累積不同時間。	movie_blackhole
M022	future	科幻電影科學實驗室	medium	靠近黑洞除了時間差，還要擔心什麼？	強烈潮汐力	空氣突然變甜	所有質量消失	行星停止公轉	A	重力梯度可拉伸或擠壓物體。	movie_blackhole
M023	future	科幻電影科學實驗室	hard	電影中一小時對多年，最嚴謹的理解是？	需極特殊黑洞與軌道條件	任何高速公路都會發生	每顆行星都固定如此	相對論說時間完全停止	A	概念源自相對論，數值不是一般黑洞旁的通則。	movie_blackhole
M024	future	科幻電影科學實驗室	easy	可穿越蟲洞目前屬於哪一層級？	理論模型，尚未觀測或建造	日常交通工具	已量產太空門	地球天然捷運	A	數學可能性不等於自然界已存在可用蟲洞。	morris_thorne
M025	future	科幻電影科學實驗室	medium	蟲洞要成為交通工具，仍缺少什麼？	可觀測證據與穩定工程方法	電影配樂	星座名稱	地球自轉	A	可穿越與穩定條件仍包含未知物理與工程難題。	morris_thorne
M026	future	科幻電影科學實驗室	easy	《地心引力》的碎片連鎖危機對應什麼概念？	凱斯勒效應	溫室效應	光電效應	都卜勒效應	A	碰撞生成更多碎片，可能提高後續碰撞風險。	movie_debris
M027	future	科幻電影科學實驗室	medium	太空人能否像電影一樣直線飄到任意太空站？	不能，須匹配軌道平面相位與速度	可以，所有站都固定不動	可以，真空會自動導航	可以，只要看得到就能到	A	軌道轉移需要能量與正確幾何，不是二維地圖直線。	movie_debris
M028	future	科幻電影科學實驗室	hard	軌道碎片很小也危險，主要因為？	相對速度很高	它們都有核彈	真空放大質量	每片都比月球大	A	高速微小物體也能造成嚴重撞擊能量。	movie_debris
M029	future	科幻電影科學實驗室	easy	太空戰鬥外部爆炸的聲音，現實中如何？	真空不會像空氣直接傳聲	一定比地球更響	每次都是超音波	光會自動變聲音	A	普通聲波需要粒子介質傳遞。	movie_sound
M030	future	科幻電影科學實驗室	medium	NASA公布的「太空聲音」常是什麼？	把儀器資料轉成可聽頻率	人在真空直接錄音	外星廣播的翻譯	恆星唱歌的空氣振動	A	資料聲化能協助分析，但不代表真空像空氣傳聲。	movie_sound
M031	future	科幻電影科學實驗室	easy	《2001太空漫遊》的旋轉艙用什麼產生類重力感？	旋轉造成的向心加速度	磁鐵吸引人體	艙內下雨	黑洞放在船底	A	艙壁支持力能讓人感到被壓向外側地板。	movie_artificial_gravity
M032	future	科幻電影科學實驗室	medium	旋轉人工重力強弱主要取決於？	半徑與角速度	電影票價	艙壁顏色	星座位置	A	半徑越大或轉速越高，可得到較大向心加速度。	movie_artificial_gravity
M033	future	科幻電影科學實驗室	hard	小半徑旋轉艙的常見人體問題是？	旋轉感與暈動不適	完全沒有慣性	氧氣自動消失	時間停止	A	頭腳加速度差與科氏效應可能造成不適。	movie_artificial_gravity
M034	future	科幻電影科學實驗室	easy	《星際大戰》外部雷射戰的音效主要屬於？	敘事與觀影效果	真空聲學紀錄	NASA任務錄音	行星大氣證據	A	真空中沒有足夠介質把普通聲波傳到另一艘船。	movie_sound
M035	future	科幻電影科學實驗室	medium	相對論時間膨脹能否讓飛船超越光速？	不能由時間膨脹直接推出	能，手錶慢就會超光速	能，只要關掉引擎	能，任何衛星都已做到	A	有質量物體接近光速需越來越多能量，時間差不是超光速引擎。	movie_relativity
M036	future	科幻電影科學實驗室	easy	《世界末日》式把小行星炸碎，最大風險是？	碎片可能仍沿相近軌道前進	碎片一定全部消失	地球引力會關閉	太陽會停止照明	A	破碎不等於偏轉，還可能產生多個威脅碎片。	asteroid_dart
M037	future	科幻電影科學實驗室	medium	DART示範比最後一刻爆破更重要的觀念是？	及早發現並累積微小軌道偏移	等到撞擊前一秒	只靠主角直覺	把地球塗成黑色	A	預警時間越長，所需速度改變可以越小。	asteroid_dart
M038	future	科幻電影科學實驗室	easy	《火星救援》中人在火星表面活動，現實首先需要？	加壓與生命維持裝備	普通雨衣	只戴墨鏡	不需任何防護	A	火星大氣稀薄、寒冷且主要是二氧化碳。	solar_mars
M039	future	科幻電影科學實驗室	medium	只吃馬鈴薯為何不是完整長期飲食？	營養種類與供應可靠性不足	馬鈴薯沒有任何熱量	澱粉在太空消失	植物不含水	A	作物可供熱量，但任務飲食仍需蛋白質、脂肪與微量營養素。	movie_potato
M040	future	科幻電影科學實驗室	hard	使用火星風化層栽培前，特別要評估哪種物質？	高氯酸鹽	純氮氣	可見光	普通水冰	A	高氯酸鹽等化學風險需要處理，不能把風化層等同土壤。	movie_toxic
M041	future	科幻電影科學實驗室	easy	《極限返航》最適合如何使用？	作為提問入口再查科學來源	當作真實任務新聞	當作工程規格書	當作外星生命證明	A	科幻能激發問題，但劇情不是觀測證據。	movie_film
M042	future	科幻電影科學實驗室	medium	電影出現外星微生物，現實中能推論什麼？	只代表創作設定	已證明宇宙有相同生物	NASA已採集樣本	所有恆星都有生命	A	現實仍只有地球生命獲確認，外星生命需要獨立證據。	movie_consult
M043	future	科幻電影科學實驗室	hard	雙生子效應分析為何要看完整往返路徑？	不同路徑累積的固有時間不同	只要比較誰年紀大	手錶品牌決定結果	加速度會讓光速消失	A	完整時空路徑打破只看單一等速航段的對稱說法。	movie_relativity
M044	future	科幻電影科學實驗室	medium	黑洞會像宇宙吸塵器吸走所有遠方物體嗎？	不會，遠處仍依重力與軌道運動	會，整個宇宙立刻消失	會，只吸收沒有光的物體	不會，因為黑洞沒有質量	A	同質量下遠處引力不會神奇增強，接近事件視界才出現極端效果。	movie_blackhole
M045	future	科幻電影科學實驗室	easy	分析任何科幻橋段最穩妥的三步驟是？	分清設定、找原理、查工程限制	先看票房再判真偽	只相信角色台詞	特效越真就越科學	A	好分析既保留故事樂趣，也不把想像冒充實證。	movie_film
S001	cosmos	太陽系驚奇之旅	easy	水星滿臉坑洞，外觀最像哪個熟悉天體？	月球	木星雲帶	太陽光球	土星環	A	水星的岩石表面布滿撞擊坑，但它不是月球。	solar_mercury
S002	cosmos	太陽系驚奇之旅	easy	水星最近太陽卻不是最熱，關鍵差別是？	大氣保溫能力不同	水星沒有白天	太陽照不到水星	水星靠冷氣降溫	A	水星外逸層極稀薄，金星的濃厚大氣造成強烈溫室效應。	solar_mercury
S003	cosmos	太陽系驚奇之旅	easy	水星一年約88個地球日，這裡的一年是？	繞太陽一圈	自轉一圈	兩次日出的間隔	繞地球一圈	A	公轉週期、自轉週期和太陽日是不同概念。	solar_mercury
S004	cosmos	太陽系驚奇之旅	medium	可見光照片裡金星明亮的外衣，主要是？	濃厚雲層	金屬地表	液態水海洋	岩石環	A	雲層遮住地表，不能把雲頂外觀直接當地表。	solar_venus
S005	cosmos	太陽系驚奇之旅	medium	哪種觀測能協助描繪金星雲下地形？	雷達	只看肉眼顏色	聽真空中的回音	測量土星環	A	雷達提供雲下地形資訊，不同波段的觀測能互補。	solar_venus
S006	cosmos	太陽系驚奇之旅	easy	金星雲滴的重要成分是什麼？	硫酸	液態鐵	液態氧	牛奶	A	金星雲含硫酸液滴，與地球水雲不同。	solar_venus
S007	cosmos	太陽系驚奇之旅	easy	地球海洋大約覆蓋多少地表？	七成	一成	三成	全部	A	海洋覆蓋約71%地表，還有陸地與冰雪。	solar_earth
S008	cosmos	太陽系驚奇之旅	easy	太空照片裡地球大片白色旋渦常是？	雲系	白色油漆	月球投影	海洋全部結冰	A	雲反射陽光，形狀隨天氣系統變化。	solar_earth
S009	cosmos	太陽系驚奇之旅	medium	目前只確認地球有生命，能推論什麼？	其他世界仍須研究	別處一定沒有生命	有水就必定有生命	有雲就代表生命	A	唯一已知不等於唯一可能，須分清已知與未知。	solar_earth
S010	cosmos	太陽系驚奇之旅	medium	火星整體偏紅，主要與什麼有關？	鐵氧化物	紅色海洋	燃燒的煤	人造油漆	A	表面塵埃和岩石中的鐵氧化物影響火星顏色。	solar_mars
S011	cosmos	太陽系驚奇之旅	easy	火星奧林帕斯山是哪種地形？	巨大火山	冰撞擊坑	珊瑚礁	人造金字塔	A	奧林帕斯山是大型盾狀火山。	solar_mars
S012	cosmos	太陽系驚奇之旅	easy	古河道支持火星過去有流水，也就找到生物了嗎？	沒有，還需生命證據	有，水只能由生物製造	有，河道都是生物挖的	不必再研究	A	水活動與生命存在需要不同證據。	solar_mars
S013	cosmos	太陽系驚奇之旅	easy	木星的大紅斑其實是什麼？	巨大風暴	固定岩石山	小行星撞出的洞	紅色海洋島嶼	A	大紅斑屬大氣風暴，不是地面的斑塊。	solar_jupiter
S014	cosmos	太陽系驚奇之旅	medium	木星明暗條紋主要展現什麼？	雲帶與大氣流動	條紋大陸	金屬管線	裸露岩石層	A	照片主要看到大氣雲帶，而非固體地板。	solar_jupiter
S015	cosmos	太陽系驚奇之旅	medium	氣態巨行星可以讓太空船安全穿過嗎？	不能，深處高溫高壓	可以，內部是真空	可以，氣體沒有阻力	可以，只要收起天線	A	木星不是空心氣球，深處物質緻密且環境極端。	solar_jupiter
S016	cosmos	太陽系驚奇之旅	easy	土星本體常見的色調比較接近？	淡黃褐色雲帶	透明無色	均勻鮮紅	純黑無反光	A	土星可見外觀以淡黃褐色雲層為主。	solar_saturn
S017	cosmos	太陽系驚奇之旅	easy	土星平均密度低於水，最合理的理解是？	比較整體質量與體積的比例	曾把土星放進海裡	內部每處都比水輕	土星沒有質量	A	平均密度不代表所有內部層次都有相同密度。	solar_saturn
S018	cosmos	太陽系驚奇之旅	easy	為何土星環不能當作一整片光碟？	粒子各自沿軌道運行	環完全是幻覺	固定黏在赤道	環是連續金屬板	A	環是大量粒子集合，不是連續承重平面。	solar_saturn
S019	cosmos	太陽系驚奇之旅	medium	哪顆行星像側躺著轉的藍綠球？	天王星	水星	火星	金星	A	天王星自轉軸傾斜約98度，日照與季節很特殊。	solar_uranus
S020	cosmos	太陽系驚奇之旅	medium	天王星偏藍綠，跟哪種氣體吸收紅光有關？	甲烷	液態金	食用色素	煤灰	A	甲烷的選擇性吸收影響外觀顏色。	solar_uranus
S021	cosmos	太陽系驚奇之旅	easy	冰巨行星表示深處全是普通冰塊嗎？	不是，可能有高溫高壓物態	是，核心必定低於零度	是，完全沒有流體	是，能滑到中心	A	冰是成分分類用語，不能直接套用冰箱裡的物態。	solar_uranus
S022	cosmos	太陽系驚奇之旅	easy	海王星大黑斑最接近哪種現象？	會變化的大氣風暴	永久洞穴入口	被挖走的大陸	外星建築	A	暗斑屬大氣現象，個別風暴可以消失或新生。	solar_neptune
S023	cosmos	太陽系驚奇之旅	easy	海王星很遠，大氣因此完全不動嗎？	不是，它有很強的風	是，氣體不會流動	是，完全沒有大氣	是，只有地球有風	A	海王星具有強烈的大氣運動。	solar_neptune
S024	cosmos	太陽系驚奇之旅	medium	舊照片的海王星特別深藍，要先注意什麼？	是否做過色彩增強	一定有液態海水	照片永遠等同肉眼顏色	處理照片都是造假	A	部分影像為凸顯細節增強色彩，應讀處理說明。	solar_neptune
S025	cosmos	太陽系驚奇之旅	medium	太陽不用像木柴靠氧氣燃燒，能源主要來自？	核心核融合	表面木炭燃燒	地球反射熱量	彗星摩擦	A	核心把氫融合成氦並釋放能量，與化學燃燒不同。	solar_sun
S026	cosmos	太陽系驚奇之旅	easy	太陽黑子顯暗，代表完全沒有發光嗎？	不是，比周圍光球冷	是，黑子是破洞	是，溫度是絕對零度	是，黑子是行星	A	黑子仍很熱，顯暗是與更亮的周圍比較。	solar_sun
S027	cosmos	太陽系驚奇之旅	easy	太陽核心能量如何成為我們收到的光？	經內部傳遞再以輻射放出	固體碎片飛進眼睛	反射木星燈光	不需傳遞	A	能量向外傳遞，太陽向太空放出輻射。	solar_sun
S028	cosmos	太陽系驚奇之旅	easy	超離子冰的特殊結構是？	氧形成晶格而氫離子可移動	所有粒子完全停止	水混入鐵粉	電子結成冰塊	A	氧晶格與可移動氫離子能在高溫高壓下共存。	solar_ice
S029	cosmos	太陽系驚奇之旅	medium	超離子冰的實驗成功，等於拍到海王星內部嗎？	不等於，內部分布仍需推論	等於，實驗室就是海王星	等於，行星結構都相同	不需再觀測	A	實驗證據與行星內部的成分、溫壓分布不能混同。	solar_ice
S030	cosmos	太陽系驚奇之旅	medium	金屬氫的金屬是指什麼？	氫呈現金屬導電性	氫摻入鐵粉	氫變成黃金元素	表面塗銀漆	A	氫在極端條件下有金屬性，元素不因此變成鐵或金。	solar_jupiter
S031	cosmos	太陽系驚奇之旅	easy	木星深處看不到，科學家怎麼研究？	結合重力磁場資料與物理模型	只看動畫剖面	相機直接穿透整顆行星	切開木星	A	內部模型須符合觀測與物理，剖面示意不是直接照片。	solar_jupiter
S032	cosmos	太陽系驚奇之旅	easy	冥王星重新分類的關鍵是？	未在軌道鄰域取得動力學主導地位	突然變小	不再繞太陽	名字不吉利	A	2006年IAU定義把軌道鄰域條件列為行星判準。	solar_pluto
S033	cosmos	太陽系驚奇之旅	easy	冥王星的愛心狀亮區叫什麼？	湯博區	大紅斑	卡西尼縫	奧林帕斯山	A	湯博區是自然地形，心形不代表人工雕刻。	solar_pluto
S034	cosmos	太陽系驚奇之旅	medium	愛心西側的史普尼克平原富含哪種冰？	氮冰	鐵冰	銅冰	液態海水	A	冥王星極低溫環境能保存氮冰等揮發物冰。	solar_pluto
S035	cosmos	太陽系驚奇之旅	medium	新發現小行星，表示它剛誕生嗎？	不是，發現時間不同於形成時間	是，看見才會形成	是，小行星只活一天	是，望遠鏡製造了它	A	許多天體早已存在，只是先前未被辨認。	solar_asteroids
S036	cosmos	太陽系驚奇之旅	easy	2024 YR4風險隨新觀測降低，說明什麼？	資料能修正軌道與風險估計	聽到新聞才轉彎	最早新聞永遠最準	機率降低等於停止觀測	A	截至2026-09-13查閱NASA資料，已排除對地球的顯著威脅。	solar_yr4
S037	cosmos	太陽系驚奇之旅	easy	彗星接近太陽長出彗髮，主要原因是？	受熱逸出氣體並帶出塵埃	彗核變成恆星	撞上透明玻璃	地球裝上尾燈	A	受熱活動形成彗髮，外力再影響尾部。	solar_comets
S038	cosmos	太陽系驚奇之旅	easy	彗星離子尾主要朝哪裡？	背向太陽	永遠朝地球	永遠朝飛行後方	永遠朝銀河中心	A	太陽風影響離子尾，不能把它當行進方向箭頭。	solar_comets
S039	cosmos	太陽系驚奇之旅	medium	3I/ATLAS的3I表示什麼？	第三個獲確認的星際天體	第三顆有生命行星	三倍光速飛船	第三個土星環	A	星際來源不代表人工來源或生命證據。	solar_atlas
S040	cosmos	太陽系驚奇之旅	medium	木衛二冰下海洋讓科學家想研究什麼？	是否有適合生命的條件	外星城市大小	居民使用的語言	外星生物姓名	A	宜居性值得研究，但目前尚未確認生命。	solar_europa
S041	cosmos	太陽系驚奇之旅	easy	木衛二表面交錯紋理能直接判定為道路嗎？	不能，要考慮冰殼地質作用	能，直線一定人工	能，冰紋都是道路	能，不需其他觀測	A	外觀相似不能取代成因研究。	solar_europa
S042	cosmos	太陽系驚奇之旅	easy	土衛二南極噴流提供哪種研究機會？	分析物質以了解冰下環境	直接看到地心	自動讓探測器入軌	證明星球空心	A	水蒸氣與冰粒成分提供內部海洋線索。	solar_enceladus
S043	cosmos	太陽系驚奇之旅	easy	找到水與有機物，就能宣布土衛二有生命嗎？	不能，非生物過程也能產生有機物	能，有機物只能來自生物	能，水就是細胞	能，不需排除其他解釋	A	生命材料不等於生物，需更多獨立證據。	solar_enceladus
S044	cosmos	太陽系驚奇之旅	medium	流星與隕石的關鍵區別是？	發光現象與落地殘餘物	行星與恆星	僅大小不同	前者永遠是冰	A	分清太空碎片、進入大氣的發光現象和落地物體。	solar_meteors
S045	cosmos	太陽系驚奇之旅	medium	流星雨常在每年相近時節出現，因為？	地球再次穿過碎屑流	恆星集體掉落	月球每年爆炸	太陽甩出行星	A	地球公轉與碎屑流交會，形成週期性流星雨。	solar_meteors
S046	cosmos	太陽系驚奇之旅	easy	從太陽向外數，地球在哪兩顆行星之間？	金星與火星	水星與金星	火星與木星	天王星與海王星	A	地球是第三顆行星，內側金星、外側火星。	solar_address
S047	cosmos	太陽系驚奇之旅	easy	哪個由小到大的宇宙地址順序正確？	地球、太陽系、銀河系、本星系群	地球、銀河系、太陽系、本星系群	太陽系、地球、本星系群、銀河系	本星系群、太陽系、銀河系、地球	A	太陽系屬銀河系，銀河系與鄰近星系組成本星系群。	solar_galaxies
S048	cosmos	太陽系驚奇之旅	easy	用Parker峰值速度計算就是真實航程嗎？	不是，還需軌跡與加減速條件	是，最高速必定全程維持	是，行星都停著	是，發射窗口無關	A	近太陽的日心峰值不能當全程巡航速度。	solar_parker
S049	cosmos	太陽系驚奇之旅	medium	假設全程192公里每秒，飛4.24光年約多久？	6600年	4.24年	66天	6.6小時	A	距離除速度約6620年，忽略加減速的假想比較不是任務預報。	solar_proxima
S050	cosmos	太陽系驚奇之旅	medium	一光年和一天文單位是什麼單位？	都是距離單位	都是時間單位	都是速度單位	都是質量單位	A	光年是光一年走的距離，天文單位約為地日平均距離。	solar_address
K001	living_world	好奇心小學堂	easy	地球如果是顆夾心糖，科學家認為裡面比較像哪一種？	有地殼、地函和地核等分層	一個完全空的大房間	只有一層薄冰	裝滿空氣的皮球	A	地震波等證據支持分層地球，而不是空心球。	fun_ov022
K002	living_world	好奇心小學堂	easy	不能鑽到地心，科學家可以用什麼研究裡面？	地震波通過地球的變化	只看冒險電影	數天上的星星	測量彩虹長度	A	地震波在不同材料中的傳播方式，能提供地球內部線索。	fun_ov022
K003	living_world	好奇心小學堂	medium	發現一個地下洞穴，能直接說地球整顆中空嗎？	不能，局部洞穴不能代表整顆地球	能，一個洞就足夠	能，只要洞裡很暗	能，只要有人拍照	A	要解釋整顆地球，必須符合全球測量；不能把局部發現無限放大。	fun_ov022
K004	living_world	好奇心小學堂	easy	南極的臭氧洞，是哪裡變薄了？	高空的臭氧層	地心的外殼	海底的岩石	企鵝的羽毛	A	這個洞是臭氧含量大幅減少的區域，不是通往地心的入口。	fun_ov023
K005	living_world	好奇心小學堂	medium	網友貼一張南極黑色圓洞圖，你最該先做什麼？	查原圖、位置和資料來源	立刻宣布發現地心世界	用黑色面積猜洞深	只看轉傳次數	A	沒出處的圖不能判定地形；先弄清楚它是照片、資料圖還是加工圖。	fun_ov023
K006	laws	好奇心小學堂	easy	晴天天空藍藍的，主要是哪位小幫手把光散開？	空氣中的分子	海裡的藍色顏料	雲上的油漆工	月亮的影子	A	空氣分子較容易散射短波長的藍光，並不是天空映出海的顏色。	fun_ov024
K007	laws	好奇心小學堂	easy	看起來白白的陽光，實際上藏著什麼？	不同顏色的光	只有白色一種光	一粒粒白沙	無數小水滴	A	陽光含有不同波長的光，不是單一顏色。	fun_ov024
K008	laws	好奇心小學堂	medium	夕陽常偏紅橘色，跟哪件事有關？	陽光穿過較長大氣路徑，較多藍光被散開	太陽傍晚換了燈泡	月亮把太陽染紅	海水每天倒入天空	A	日落時光走過的大氣更長，抵達眼睛的光因而偏紅橘。	fun_ov024
K009	laws	好奇心小學堂	easy	彩虹的出現，需要陽光和哪種小東西合作？	空中的水滴	漂浮的彩色糖粉	星星碎片	看不見的繩子	A	水滴使光折射並在內部反射，讓不同顏色分開。	fun_ov025
K010	laws	好奇心小學堂	easy	去彩虹橋上散步，最大的問題是什麼？	彩虹是光學現象，不是實體橋	彩虹只准汽車通過	彩虹每天都收門票	彩虹只能踩紅色	A	彩虹沒有能承受身體重量的橋面，欣賞它就很好。	fun_ov025
K011	laws	好奇心小學堂	medium	在視野和條件都合適時，彩虹完整的形狀可以是？	一整個圓圈	一個正方形	一顆立體方塊	固定五角星	A	地面常只看到圓的一部分；適當的高處視角可能看到完整圓形。	fun_ov025
K012	cosmos	好奇心小學堂	easy	白天看到月亮，是它忘記下班了嗎？	不是，白天也可能看見月亮	是，月亮壞掉了	不是，那一定是雲	是，代表太陽熄滅了	A	月亮白天也可能在地平線上方，能否看見和位置、月相及亮度有關。	fun_ov026
K013	cosmos	好奇心小學堂	easy	月亮的亮光，主要從哪裡來？	反射太陽光	表面裝滿燈泡	自己像太陽一樣燃亮	地球城市的霓虹燈	A	月亮不是自己發出陽光般的光，而是反射照到表面的太陽光。	fun_ov026
K014	cosmos	好奇心小學堂	medium	月亮有時像香蕉，是因為被咬掉一塊嗎？	不是，我們看到的受光部分改變了	是，被太空怪獸咬掉	是，每月撞碎一次	不是，是月亮縮成一條線	A	月相是觀察受光面的角度變化；平常的圓缺不是地球影子造成。	fun_ov026
K015	living_world	好奇心小學堂	easy	章魚的身體裡，有幾顆心臟一起工作？	三顆	一顆	兩顆	八顆	A	章魚有三顆心臟，各自負責血液循環的不同工作。	fun_ov027
K016	living_world	好奇心小學堂	easy	章魚取得氧氣，靠哪個部位幫忙？	鰓	羽毛	角	吸盤上的小鼻子	A	兩顆心臟把血液送往鰓，在那裡取得氧氣。	fun_ov027
K017	living_world	好奇心小學堂	medium	章魚有三顆心，所以有三條命嗎？	不是，心臟數量不等於生命次數	是，每顆能復活一次	是，失去一顆完全沒影響	只有星期三才有三條命	A	三顆心是器官分工，不是遊戲的復活次數。	fun_ov027
K018	living_world	好奇心小學堂	easy	自然界的北極熊，要去南極和企鵝當鄰居嗎？	牠們原本不住在同一個極地	牠們天天一起吃早餐	北極熊本來就住南極	地球只有一個極地	A	北極熊在北極，南極企鵝在另一端，不能把兩地當成同一處。	fun_ov028
K019	living_world	好奇心小學堂	medium	卡通裡北極熊和南極企鵝一起滑雪，可以證明什麼？	只能說作品這樣安排，不能證明野外分布	牠們在野外一定同住	南極和北極相連成一座動物園	所有動物都能在兩極生活	A	創作可以自由安排角色，研究真實動物棲地則需要觀察資料。	fun_ov028
K020	living_world	好奇心小學堂	easy	窗外哪位小鄰居，屬於存活至今的恐龍分支？	麻雀	蝴蝶	蚯蚓	蝸牛	A	鳥類在演化分類上屬於恐龍，麻雀也在這條家族分支中。	fun_ov029
K021	living_world	好奇心小學堂	easy	說恐龍全部滅絕了，漏掉了哪一群？	鳥類	所有魚類	所有昆蟲	所有哺乳類	A	非鳥類恐龍滅絕了，但鳥類這一支延續至今。	fun_ov029
K022	living_world	好奇心小學堂	medium	雞和恐龍有親戚關係，等於雞直接由暴龍變來嗎？	不等於，鳥類祖先來自小型獸腳類恐龍	等於，暴龍長大就變雞	等於，雞老了就變暴龍	不等於，雞其實是昆蟲	A	共享家族分支不代表其中一個現成物種直接變成另一個。	fun_ov029
K023	cosmos	好奇心小學堂	easy	金星慢慢自轉一圈，大約要幾個地球日？	243日	1日	7日	30日	A	金星自轉非常慢，一圈約243個地球日。	fun_ov030
K024	cosmos	好奇心小學堂	easy	金星繞太陽一圈約225個地球日，跟自轉一圈相比呢？	繞太陽一圈反而比較快	一定完全一樣	需要自轉一萬圈	金星不繞太陽	A	金星的公轉週期約225日，短於約243日的自轉週期。	fun_ov030
K025	cosmos	好奇心小學堂	medium	聽到金星一天比一年長，先問哪個問題最精確？	這裡的一天是自轉一圈，還是兩次日出之間？	金星是不是沒有太陽？	金星住了多少人？	金星日曆是什麼顏色？	A	自轉週期和太陽日不是同一種一天；比較前要先說清楚定義。	fun_ov030
K026	cosmos	好奇心小學堂	easy	土星的大呼拉圈，主要由什麼組成？	大量冰粒和碎塊，混有岩石與塵埃	一整塊塑膠	液態彩虹	排成圓圈的飛機	A	土星環由大量分散粒子組成，不是一塊完整圓盤。	fun_ov031
K027	cosmos	好奇心小學堂	easy	土星環裡的小冰粒，正在做什麼？	各自繞土星運行	黏成一面不動的牆	全部停在空中不受力	每天落到地球	A	環粒子各自沿軌道運動，不是固定在太空中的裝飾品。	fun_ov031
K028	cosmos	好奇心小學堂	medium	遠看土星環像平滑跑道，能推論太空人可以站上去嗎？	不能，近看是分散粒子而非連續地板	能，看起來平就能站	能，只要跑得夠快	能，所有行星環都是金屬	A	遠方看似連續的外觀，不代表近處真的有承重表面。	fun_ov031
K029	cosmos	好奇心小學堂	easy	極光這場天空燈光秀，跟哪組東西有關？	帶電粒子、磁場與高空大氣	雲上的彩色燈泡	海底手電筒	月亮上的廣告看板	A	帶電粒子與大氣互動，讓氣體獲得能量並發光。	fun_ov032
K030	cosmos	好奇心小學堂	easy	極光裡的氧，可以發出哪些顏色？	綠色或紅色	只能黑色	只能白色	完全不能發光	A	氧在不同條件下可以發出綠光或紅光。	fun_ov032
K031	cosmos	好奇心小學堂	medium	兩張極光照片顏色不同，一定有一張是假的嗎？	不一定，氣體與發光條件不同就可能改變顏色	一定，極光永遠只有一色	一定，天空不能有紅光	不一定，因為氧就是彩色燈泡	A	先了解自然現象能有哪些變化，不能只憑顏色不同判定造假。	fun_ov032
K032	future	好奇心小學堂	easy	電影裡太空船在遠方爆炸，聲音能直接穿過真空嗎？	不能，聲音需要介質	能，聲音不需要任何物質	能，真空最會放大聲音	能，只要爆炸夠亮	A	真空沒有傳播聲音的介質，電影常加音效增加戲劇感。	fun_ov033
K033	future	好奇心小學堂	easy	太空人隔著太空怎麼聊天？	用無線電設備傳送訊號	對真空大喊就好	靠聲音跳過空氣	靠月光傳口音	A	無線電是能穿越真空的電磁波，設備再把訊號轉回聲音。	fun_ov033
K034	future	好奇心小學堂	medium	太空船內有空氣，大家就完全聽不見聲音嗎？	仍能聽見，艙內空氣能傳聲	完全聽不見，因為位置在太空	只能聽到紅色的聲音	只有船長能聽見	A	能否傳聲取決於介質，不是只看地點叫不叫太空。	fun_ov033
H017	cosmos	科學史與媒體識讀	easy	天動說（地心說）把哪個天體放在中心？	地球	太陽	火星	月球	A	地心模型以地球為中心；哥白尼的日心模型讓地球和其他行星繞太陽運行。	history_ov019
H018	cosmos	科學史與媒體識讀	easy	哥白尼的《天體運行論》在哪一年出版？	1910年	1543年	2012年	1938年	B	1543年初版在哥白尼過世前出版，不要和伽利略1633年受審混淆。	history_ov020
H019	cosmos	科學史與媒體識讀	hard	哥白尼1543年過世、其著作1616年受限制，能推論什麼？	哥白尼活到了1616年	他在1616年親自受審	著作受限制可以發生在作者過世後	出版和受限制一定是同一年	C	人物生平和著作流傳是不同時間線；1616年的限制不能改寫成哥白尼當年親自受審。	history_ov021
H020	cosmos	科學史與媒體識讀	hard	哪種說法最符合伽利略的生平紀錄？	他和哥白尼是同一個人	他在1543年出版天體運行論	他在1633年被燒死	他在1633年受審後遭軟禁，1642年過世	D	伽利略被迫放棄相關主張，晚年受到居住與往來限制；不能把其他人物的處刑故事套在他身上。	history_ov021
H005	cosmos	科學史與媒體識讀	easy	1835年月球大騙局中的月球居民，應該當成什麼？	已證實的外星生物	報紙編造的故事	月球探測器錄音	太空人親眼見聞	B	報紙用科學觀測的口吻描述月球生物，但這不是可信的發現。	history_ov011
H006	cosmos	科學史與媒體識讀	easy	馬雅曆法一個長週期結束，代表什麼？	全宇宙停止運作	地球必定爆炸	曆法進入下一個週期	所有電腦立刻失效	C	曆法週期更替不能推導出世界末日；2012末日情境缺乏科學依據。	history_ov014
H007	cosmos	科學史與媒體識讀	medium	早期火星運河故事為何不能當作外星文明證據？	線條觀測與語詞解讀可能誤導，後續觀測不支持人工運河網	所有望遠鏡照片都是假的	火星從來沒有任何天然水道痕跡	外星人已公開承認拆除运河	A	要區分早期線條誤判、人工建設的想像與真實天然地形，不能只憑名稱下結論。	history_ov012
H008	cosmos	科學史與媒體識讀	medium	火星山丘看起來像一張臉，最需要先檢查什麼？	外星國王的名字	電影票房	星座運勢	不同光線、角度與更清晰的影像	D	光影與觀看角度可造成像臉的印象；後續影像顯示它是天然山丘。	history_ov015
H009	cosmos	科學史與媒體識讀	hard	皮爾當人造假如何被揭露？	只因有人不喜歡發現者	靠骨骼檢驗及牙齒加工、染色痕跡等證據	靠大多數人投票	靠一本科幻小說	B	檢查發現骨骼來自不同物種，並有人工處理痕跡；這是證據檢驗，不是人氣競賽。	history_ov013
H010	cosmos	科學史與媒體識讀	hard	早期脈衝星被暱稱小綠人，能推論什麼？	研究者已證實外星文明	訊號一定是騙局	來源奇特值得追查，但暱稱不是外星人的證據	所有規律訊號都是人類製造	C	檔案中的小綠人暱稱反映早期訊號的奇特，不是科學團隊確認外星生命的公告。	history_ov016
H011	cosmos	科學史與媒體識讀	hard	電影《2012》最適合被當作什麼？	NASA實際拍攝的末日紀錄	災難科幻創作，不是科學預測的證據	馬雅人留下的影像	2000年電腦故障報告	B	Sony將作品列為科幻等類型；電影的城市崩塌與倖存故事不能拿來證實末日預言。	history_sf009
H012	cosmos	科學史與媒體識讀	hard	查證火星人臉時，比只看一張像臉的照片更可靠的是？	找更多人說它像臉	把圖片轉傳一萬次	只保留最模糊版本	比較多次觀測與天然地形解釋	D	多角度與更清晰的觀測能檢驗最初印象，而不是只強化先入為主的聯想。	history_ov015
H013	cosmos	科學史與媒體識讀	easy	Y2K千年蟲主要是哪一類問題？	電腦年份表示與日期計算問題	真實昆蟲咬斷電線	月球撞地球	魔王降臨	A	部分系統使用兩位數年份，跨入2000年時可能把00判成1900年。	history_ov017
H014	cosmos	科學史與媒體識讀	easy	恐怖大王這段常被談到的預言文字，出自哪裡？	火星探測器的實測報告	諾斯特拉達穆斯的詩句	Y2K程式碼規格	哈雷彗星照片	B	第十卷第72首提到1999年與天空到來的可怕君王；這是預言詩，不是科學觀測。	history_ov018
H015	cosmos	科學史與媒體識讀	medium	Y2K沒有造成預想中的重大災難，能否證明修補完全沒必要？	能，沒出事就代表從無風險	能，所有日期程式都天生正確	不能，事前修補與測試可能正是避免故障的原因	不能，因為電腦真的被魔法拯救	C	GAO回顧指出事前治理與準備協助避免重大故障，不能忽略預防工作再倒推风险不存在。	history_ov017
H016	cosmos	科學史與媒體識讀	medium	讀到1999年恐怖大王的詩句，哪個做法最合理？	把每則新聞都硬套進去	認定詩句就是已驗證科學	因為很多人轉傳就相信	區分原文、後人解讀與可檢驗的證據	D	原詩存在只能證明文字內容存在；不能直接證明後人解讀或宇宙災難預測成立。	history_ov018
H001	cosmos	科學史與媒體識讀	easy	有人賣防彗星藥丸的著名哈雷彗星恐慌，主要發生在哪一年？	1910年	1938年	1969年	1990年	A	1910年哈雷彗星回歸時，彗尾氰氣的新聞引起末日恐慌；傳言曾流行，不代表預言的災難真的發生。	loc_halley
H002	cosmos	科學史與媒體識讀	easy	1938年讓部分聽眾誤信火星人入侵的《世界大戰》是什麼？	真正的緊急軍事通報	以仿新聞形式演出的廣播劇	外星人送來的錄音	望遠鏡拍攝的紀錄片	B	1938年10月30日，奧森・威爾斯參與製作並演出的廣播劇，讓部分聽眾信以為真；並非真的有火星人入侵。	loc_radio
H003	cosmos	科學史與媒體識讀	medium	怎樣描述1910年的哈雷彗星事件最準確？	恐慌曾出現，但預言的滅絕災難沒有發生	彗尾真的消滅了地球所有生命	防彗星藥丸救了全人類	事件其實是哈勃望遠鏡爆炸	A	歷史報刊留下恐慌與商品販售的紀錄；這能證明人們曾害怕，不能證明末日說法正確。哈雷彗星也不是哈勃望遠鏡。	loc_halley
H004	cosmos	科學史與媒體識讀	medium	聽到《世界大戰》廣播嚇壞全美的故事，哪個態度最恰當？	認定當晚所有美國人都逃難	認為沒有人曾經害怕	區分部分聽眾誤信與後來被誇大的恐慌規模	把小說作者和廣播演出者當成同一人	C	確實有聽眾誤信，但後來的煽情報導強化了全美大恐慌的印象。廣播演出者奧森・威爾斯與小說作者H. G. 威爾斯也不是同一人。	loc_radio
C001	cosmos	宇宙學	easy	哪一項觀測最直接支持宇宙在大尺度上膨脹？	平均而言，越遙遠的星系宇宙學紅移越大	所有遙遠星系都以相同速度藍移	星系亮度不會隨距離改變	所有恆星都在同一時間形成	A	星系紅移與距離的系統性關係顯示，宇宙尺度正在隨時間改變；這不是星系從空間中的單一中心向外爆散。	nasa_universe
C002	cosmos	宇宙學	easy	宇宙微波背景輻射最接近下列哪一種描述？	銀河系內所有恆星混合出的微波	早期宇宙冷卻後留下、遍布天空的微波餘暉	人類無線電通訊累積形成的背景	黑洞事件視界表面發出的熱光	B	宇宙微波背景是早期宇宙在物質與輻射脫耦後留下的光，今日因宇宙膨脹而落在微波波段。	nasa_universe
C003	cosmos	宇宙學	medium	哪個比喻最不容易誤解「宇宙膨脹」？	大尺度空間本身伸展，使遙遠星系間平均距離增加	星系在固定空間裡從地球這個中心被炸出去	每個星系都在自身內部等比例膨脹	宇宙邊緣像牆一樣向外推動所有天體	A	宇宙膨脹描述的是大尺度度規演化；均勻模型不需要在空間中指定一個中心，受束縛的星系與行星系也不會跟著等比例變大。	nasa_universe
C004	cosmos	宇宙學	medium	「宇宙加速膨脹」最初的重要證據之一來自什麼？	月球雷射測距顯示月球逐年遠離	遙遠 Ia 型超新星的亮度—紅移關係偏離減速模型	太陽黑子週期約為十一年	地球磁極在地質史中曾多次反轉	B	遙遠 Ia 型超新星比單純減速宇宙預期更暗，結合其他觀測後支持晚期宇宙膨脹正在加速。	nasa_universe
C005	cosmos	宇宙學	hard	宇宙微波背景中極微小的溫度起伏，對結構形成研究最重要的意義是什麼？	它們追蹤早期密度起伏，後來成為星系與大尺度結構的種子	它們證明星系在早期宇宙已經全部完成	它們是地球大氣不均勻造成的永久雜訊	它們顯示宇宙各處溫度完全沒有差異	A	微小各向異性反映早期物質密度的微小差異；重力在漫長時間中放大這些差異，形成今日的大尺度結構。	nasa_universe
C006	cosmos	宇宙學	hard	遙遠星系的「宇宙學紅移」主要如何產生？	光子在途中逐顆碰撞而失去固定比例能量	光傳播期間空間尺度增大，連同波長一起被拉長	所有星系都穿過靜止空間，以普通聲速遠離	光離開星系時被星際塵埃統一染成紅色	B	宇宙學紅移主要是光在膨脹時空中傳播時波長被拉長，不能完全等同於物體在固定空間中的普通都卜勒運動。	nasa_universe
C007	cosmos	恆星演化	easy	太陽目前主要靠哪個過程持續發光？	化學燃燒碳與氧	重力摩擦直接燃燒岩石	核心把氫融合成氦並釋放能量	表面吸收行星反射的光	C	太陽核心的核融合把氫轉成氦；少量質量差依質能關係轉為能量，再逐步傳到表面。	nasa_stars
C008	cosmos	恆星演化	easy	為什麼肉眼看到的恆星通常比行星更容易閃爍？	恆星每秒都會熄滅再點亮	行星會主動穩定周圍空氣	恆星只在夜晚受到重力影響	大氣擾動較容易改變近似點光源的恆星影像	D	恆星在天空中近似點光源，大氣折射率快速變化會明顯改變其亮度與位置；行星有可分辨的小圓面，擾動較容易彼此平均。	nasa_stars
C009	cosmos	恆星演化	medium	類太陽恆星為什麼會演化成紅巨星？	核心氫耗盡後，殼層燃燒與核心收縮使外層膨脹	恆星突然捕獲大量紅色塵埃	核融合完全停止後外層立刻結冰	行星潮汐把恆星表面向外拉開	A	核心氫逐漸耗盡後，核心收縮升溫、外圍氫殼層持續融合，能量結構改變使外包層大幅膨脹並降溫。	nasa_stars
C010	cosmos	恆星演化	medium	大質量恆星形成核心坍縮超新星前，最關鍵的轉折是什麼？	表面黑子完全消失	行星全部被恆星吞沒	氫融合直接生成鈾並突然爆炸	核心形成鐵族元素後，融合不再提供足夠支撐	D	融合到鐵族元素後，再融合不能像先前階段那樣有效釋放能量；核心失去壓力支撐而快速坍縮，引發爆炸。	nasa_stars
C011	cosmos	恆星演化	hard	錢德拉塞卡極限在恆星演化中限制了什麼？	白矮星能由電子簡併壓支撐的最大質量尺度	中子星可以擁有的最低自轉速度	主序星核心能達到的最低溫度	黑洞事件視界能放出的最大光度	A	當白矮星質量接近約 1.4 個太陽質量的尺度，電子簡併壓無法再提供靜態支撐，後續可能導向坍縮或熱核爆炸。	nasa_stars
C012	cosmos	恆星演化	hard	脈衝星為什麼能產生極規律的脈衝訊號？	它的核心每個週期都發生一次小爆炸	它被伴星週期性遮住，所有脈衝星皆如此	它沿任意方向均勻閃光，亮度隨機改變	快速自轉的磁化中子星讓輻射束像燈塔掃過地球	D	脈衝星的輻射束通常與自轉軸不重合；每當輻射束掃過觀測方向，就會收到一次規律脈衝。	nasa_stars
C013	cosmos	太陽系	easy	地球四季形成的主要原因是什麼？	地軸相對公轉軌道傾斜，使日照角度與白晝長度改變	地球夏季必定比冬季更靠近太陽	太陽每三個月改變一次輸出功率	月球影子依季節覆蓋不同半球	A	四季主要來自約 23.5 度的地軸傾斜；南北半球因此在一年中輪流獲得較直射且較長時間的陽光。	nasa_solar
C014	cosmos	太陽系	easy	彗星接近太陽時常形成彗髮與彗尾，主要是因為什麼？	金屬核心被太陽磁場直接拉長	冰與揮發物受熱昇華，帶出氣體與塵埃	彗星高速摩擦真空而燃燒	地球大氣把彗星外層吹散	B	彗核中的冰受熱昇華後釋放氣體與塵埃；太陽風與輻射壓再把物質推成不同方向的彗尾。	nasa_solar
C015	cosmos	太陽系	medium	月球引起海洋潮汐的核心機制是什麼？	月球引力在地球近側與遠側的差異造成潮汐形變	月光加熱海水使海面每日膨脹兩次	月球磁場週期性吸起含鹽海水	地球自轉讓所有海水只朝赤道堆積	A	潮汐來自引力梯度：地球不同位置受到月球引力大小與方向略有差異，海洋因此形成隨地月幾何移動的隆起。	nasa_solar
C016	cosmos	太陽系	medium	金星表面為什麼比更靠近太陽的水星還熱？	金星自轉快到摩擦大氣發熱	金星濃厚二氧化碳大氣造成強烈溫室效應	水星核心會主動吸收表面熱量	金星雲層把所有可見光直接聚焦到地面	B	金星濃厚大氣吸收並重新放射紅外線，使熱量難以逸出；水星雖更靠近太陽，卻幾乎沒有能保溫的大氣。	nasa_solar
C017	cosmos	太陽系	hard	拉格朗日點為何適合安排某些太空望遠鏡？	在旋轉參考系中，引力與軌道運動可維持相對穩定幾何	那裡完全沒有任何重力或太陽輻射	太空船抵達後不需任何軌道修正	所有拉格朗日點都位於地球陰影內	A	拉格朗日點不是無重力區，而是多體引力與旋轉運動形成特殊平衡；太空船可在附近暈輪軌道維持有利觀測幾何。	nasa_solar
C018	cosmos	太陽系	hard	在其他條件已知時，系外行星凌日造成的亮度下降深度主要提供哪項資訊？	行星大氣的精確風速	行星半徑與恆星半徑的比例平方	行星表面的海洋鹽度	行星核心的放射性元素含量	B	理想化情況下，凌日深度約等於行星與恆星半徑比的平方；配合恆星半徑即可估計行星大小。	nasa_exoplanets
C019	cosmos	天文觀測	easy	「一光年」是什麼單位？	光源亮度	時間長度	光在真空中一年走過的距離	一年中可見星星的數量	C	光年是距離單位，約等於光在真空中一年傳播的距離；名稱裡有「年」不代表它是時間單位。	nasa_universe
C020	cosmos	天文觀測	easy	天文學家分析天體光譜，通常能取得什麼資訊？	只能判斷照片是否好看	只能直接量到天體重量	只要一條譜線就能知道全部歷史	化學成分、溫度與沿視線運動等線索	D	不同原子與分子留下特徵譜線；譜線形狀、強度與位移可提供成分、物理狀態和徑向速度等資訊。	nasa_universe
C021	cosmos	天文觀測	medium	地面大型望遠鏡使用自適應光學主要想修正什麼？	地球公轉造成的一年視差	鏡片受月球引力變形	大氣湍流造成的波前扭曲	宇宙膨脹造成的所有紅移	C	自適應光學快速量測大氣造成的波前變形，再用可變形鏡面補償，以提高地面影像解析度。	nasa_universe
C022	cosmos	天文觀測	medium	天文干涉儀把多座望遠鏡的訊號合併，主要可獲得什麼優勢？	讓每座望遠鏡收集到無限多光子	完全消除所有儀器雜訊	直接把天體搬到更近的位置	取得接近望遠鏡間最大基線所對應的角解析力	D	干涉儀利用不同位置收到光波的相位資訊合成高解析觀測；解析力可對應到很大的有效基線，但集光能力並不等同完整巨鏡。	nasa_universe
C023	cosmos	天文觀測	hard	徑向速度法偵測系外行星時，最直接量測的是什麼？	行星本身在天空中的彩色照片	行星經過恆星前方的亮度下降	恆星譜線因繞共同質心運動產生的週期性都卜勒位移	行星磁場對地球指南針的偏轉	C	行星與恆星共同繞質心運動，恆星沿視線方向的速度會讓譜線週期性紅移、藍移；若不知道傾角，通常先得到最低質量。	nasa_exoplanets
C024	cosmos	天文觀測	hard	重力透鏡能放大或扭曲背景天體影像，根本原因是什麼？	前景天體像玻璃一樣具有普通折射率	星際塵埃把所有光聚成同一焦點	背景天體主動改變自身形狀	質量造成時空彎曲，改變光的傳播路徑	D	廣義相對論中，質量與能量彎曲時空；光沿彎曲時空中的測地線傳播，因此可能形成弧、重像或放大。	einstein_online
L001	living_world	地質學	easy	板塊構造理論中的「板塊」主要指什麼？	由地殼與最上部地函組成、會相對移動的岩石圈大片段	只存在於海底的液態岩漿層	每天隨潮汐上下移動的整塊地核	被山脈完全分隔、永不互動的大陸	A	岩石圈分成多個剛性板塊，在較可塑的軟流圈之上緩慢移動；板塊交界集中許多地震、火山與造山作用。	usgs_plates
L002	living_world	地質學	easy	地震「規模」與「震度」最主要的差別是什麼？	規模只描述建築損壞，震度只描述震源深度	規模估計地震釋放能量，震度描述特定地點的搖晃與影響	規模會因城市不同而改變，震度全球只有一個值	兩者只是不同國家對完全相同數值的名稱	B	一次地震通常有一個代表震源大小的規模，但不同地點因距離、地質和建築條件而有不同震度。	usgs_quakes
L003	living_world	地質學	medium	地震波通過地球內部時，哪項差異幫助科學家判斷外核是液態？	P 波可穿過液體，而 S 波無法在液體中傳播	P 波只能穿過真空，S 波只能穿過金屬	兩種波都在外核完全不改變路徑	S 波速度永遠比光速快	A	剪切的 S 波需要材料承受剪切形變，無法穿過液態外核；P 波仍可傳播但會折射，形成特徵陰影區。	usgs_quakes
L004	living_world	地質學	medium	隱沒帶上方為何常形成火山弧？	下沉板塊摩擦直接把整片地殼燒成熔岩	含水礦物釋水，降低上覆地函岩石的熔融溫度	海水壓力把岩漿從地核擠到地表	大陸板塊完全熔化後漂浮到海面	B	隱沒板塊受熱脫水，流體進入上覆地函楔並降低固相線，促進部分熔融；岩漿上升後形成火山弧。	usgs_plates
L005	living_world	地質學	hard	「地殼均衡」最接近哪種物理概念？	不同厚度與密度的岩石圈在較可塑地函上達到浮力平衡	所有山脈高度由月球潮汐直接決定	地殼永遠保持完全水平，不能彎曲	海底與大陸必須具有相同密度與厚度	A	岩石圈像不同厚度的浮體坐在較可塑的地函上；侵蝕、冰蓋消退或沉積改變負載後，可出現緩慢的均衡調整。	usgs_plates
L006	living_world	地質學	hard	放射性定年要可靠估計岩石年齡，核心依據是什麼？	岩石顏色會按固定速度逐年變深	母體與子體同位素比例配合已知半衰期與系統歷史	所有岩石形成時都含相同數量的化石	只量一次地球磁場強度即可得到絕對年代	B	放射性同位素按統計穩定的衰變率轉成子體；量測比例並確認封閉系統與初始條件，才能推算結晶或事件年代。	usgs_plates
L007	living_world	大氣與海洋	easy	「天氣」與「氣候」最準確的區分是什麼？	天氣只發生在城市，氣候只發生在海洋	天氣是全球平均，氣候是單一午後雷雨	天氣描述短期大氣狀況，氣候描述較長期的統計分布與趨勢	兩者完全相同，只是新聞用詞不同	C	天氣可以是今天的溫度、風雨；氣候則關注多年尺度的平均、變異、極端事件機率及長期變化。	noaa_climate
L008	living_world	大氣與海洋	easy	科氏效應為什麼會影響大尺度風與洋流？	太陽風直接推動所有地表空氣	地球磁場吸引帶電水分子	重力在北半球突然改變方向	在旋轉地球的參考系中，移動物體的路徑看起來會偏轉	D	科氏效應是旋轉參考系的表觀效應，偏轉方向在南北半球相反；它影響運動方向，但不是風的能量來源。	noaa_ocean
L009	living_world	大氣與海洋	medium	溫室氣體使地表與低層大氣增暖的主要機制是什麼？	把所有太陽可見光完全反射回地面	製造額外氧氣並直接放熱	吸收地表紅外輻射並向各方向重新放射	阻止海洋蒸發，讓熱永久留在陸地	C	水氣、二氧化碳等氣體對特定紅外波段有吸收與放射能力，改變地球向太空散熱的高度與效率。	noaa_climate
L010	living_world	大氣與海洋	medium	典型聖嬰事件時，熱帶太平洋常出現哪種組合？	東風增強且東太平洋表層異常變冷	全球海洋同時停止所有環流	只有北極海冰改變，赤道太平洋不受影響	信風減弱，暖水與對流向中、東太平洋移動	D	聖嬰是海氣耦合現象；信風與湧升改變後，中央及東太平洋表面偏暖，並重新分配全球降雨與環流。	noaa_ocean
L011	living_world	大氣與海洋	hard	深海「溫鹽環流」的密度差主要由哪些因素控制？	海水顏色與月相	海底火山數量與魚群密度	溫度與鹽度共同影響海水密度	海浪高度與船舶航速	C	冷水通常較密，鹽度增加也會提高密度；高緯度冷卻、結冰排鹽等過程可形成下沉水團並連結全球深海環流。	noaa_ocean
L012	living_world	大氣與海洋	hard	平流層臭氧與溫室效應應如何區分？	兩者都是同一層二氧化碳造成的現象	臭氧洞會直接讓海平面在一天內上升	溫室效應主要是阻擋紫外線，臭氧主要吸收地表紅外線	平流層臭氧主要吸收紫外線，溫室氣體主要改變地球紅外散熱	D	臭氧層保護生命免受大量紫外線；溫室效應則關於大氣吸收與放射紅外線。兩者會互相影響，但不是同一問題。	noaa_climate
L013	living_world	演化與生態	easy	自然選擇要改變族群，至少需要哪組條件？	性狀可遺傳，而且不同性狀造成繁殖成功差異	個體努力後獲得的所有特徵都會直接遺傳	環境替每個物種預先安排固定目標	每一代所有個體都產生完全相同後代	A	自然選擇作用於族群中可遺傳的變異；若某些變異使個體留下較多後代，其比例便可能跨世代增加。	smithsonian_evolution
L014	living_world	演化與生態	easy	較高生物多樣性有時能提高生態系韌性，較好的理由是什麼？	物種越多就保證永遠不會滅絕	不同物種或功能可在擾動後提供部分替代與回復路徑	多樣性會讓所有物種擁有完全相同需求	只要物種數多，外來種一定無法入侵	B	功能重疊與多種反應方式可降低單一物種失敗造成的衝擊；但多樣性並不是對所有擾動都有效的魔法護盾。	smithsonian_evolution
L015	living_world	演化與生態	medium	鯊魚與海豚外形相似，最能說明哪種演化現象？	不同祖先在相似環境壓力下演化出相似適應的趨同演化	海豚其實是魚類，只是會呼吸空氣	兩者從同一近代物種突然分裂	外形相似必定代表 DNA 幾乎完全相同	A	鯊魚是魚類、海豚是哺乳類；流線形身體在水中游動有共同優勢，因此不同譜系可獨立演化出相似形態。	smithsonian_evolution
L016	living_world	演化與生態	medium	為什麼食物網越往高營養階層，可用能量通常越少？	能量會在每一階完全消失，不留下任何熱	生物把大量能量用於代謝、活動並以熱散失，只有一部分形成新生物量	頂級掠食者不需要任何能量	植物只在夜間向食物網提供能量	B	生物攝入的能量並非全部轉成可供下一階取食的組織；呼吸、維持與未被消化的部分都降低傳遞效率。	smithsonian_evolution
L017	living_world	演化與生態	hard	遺傳漂變在小族群中特別明顯，主要因為什麼？	隨機出生、死亡與繁殖事件能大幅改變等位基因頻率	小族群中的每個突變一定都有利	自然選擇在小族群完全停止	小族群不會發生基因交流	A	抽樣誤差在小族群比例更大，即使性狀沒有適應優勢，等位基因也可能偶然固定或消失，降低遺傳多樣性。	smithsonian_evolution
L018	living_world	演化與生態	hard	一次大滅絕結束後，生態多樣性為何不會立刻恢復？	倖存物種會永久停止演化	新物種形成、棲位重建與複雜互動演化需要漫長時間	地球必須先完全停止板塊運動	所有化石會阻止新生命出現	B	大滅絕可清空許多生態角色，但族群擴張、物種分化與食物網重組常需數十萬至數百萬年以上。	smithsonian_evolution
L019	living_world	人體與腦	easy	神經元通常如何把訊號傳給下一個細胞？	只靠血液搬運完整電流	細胞核離開神經元去接觸目標	軸突傳導電訊號，突觸處常以化學傳遞物質接力	所有神經元彼此融合成一條空心管	C	動作電位沿軸突傳播，到突觸末端引發神經傳遞物質釋放；下一細胞再把化學訊號轉為電化學反應。	nih_brain
L020	living_world	人體與腦	easy	抗體在適應性免疫中的主要功能是什麼？	直接取代所有白血球	讓任何病原體永久停止突變	把體溫固定在攝氏 37 度	以特定結構辨識並結合相應抗原	D	抗體的結合區可辨識特定抗原表位，進而中和目標或標記它，讓其他免疫機制更容易處理。	nih_body
L021	living_world	人體與腦	medium	胰島素降低餐後血糖的主要方式是什麼？	促進部分細胞攝取葡萄糖，並推動肝與肌肉儲存能量	命令腎臟把所有葡萄糖立即排掉	把葡萄糖轉化成氧氣排出肺部	停止全身所有細胞代謝	A	胰島素是調節訊號，會促進肌肉、脂肪等組織利用葡萄糖，並促進肝醣等儲存過程；不是單純把糖從血中消滅。	nih_body
L022	living_world	人體與腦	medium	疫苗為何能讓再次遇到相同病原時反應更快？	疫苗讓皮膚永久阻擋所有微生物	適應性免疫留下記憶細胞，可更快擴增並產生有效反應	疫苗把所有抗體直接保存一生	接種後先天免疫就能辨識每個變種的所有細節	B	初次暴露後形成的記憶 B、T 細胞能在再次遇到相關抗原時更快啟動；保護程度仍會受病原變異與時間影響。	nih_body
L023	living_world	人體與腦	hard	血腦障壁最準確的功能描述是什麼？	把腦與血液完全隔絕，連氧氣都不能通過	只在睡眠時短暫出現	由緊密連結等機制選擇性控制血液物質進入中樞神經	讓所有藥物都能迅速進入腦組織	C	血腦障壁維持神經環境穩定，允許必要物質經特定途徑通過，同時限制許多毒物、病原與藥物；它不是不透水的牆。	nih_brain
L024	living_world	人體與腦	hard	「神經可塑性」最接近哪種能力？	成人大腦每天長成完全不同器官	記憶只儲存在單一固定神經元	腦損傷後所有功能必定完整復原	神經連結與功能可因學習、經驗或損傷而重新調整	D	可塑性包含突觸強度、連結與功能分工的改變；它支持學習與部分恢復，但會受到年齡、區域與損傷程度限制。	nih_brain
P001	laws	經典物理	easy	慣性定律最核心的敘述是什麼？	若合外力為零，物體維持靜止或等速度直線運動	物體只要在動就必須持續受到同方向力	質量越大的物體在真空中必定落得更快	所有圓周運動都不需要向心力	A	速度改變才需要合外力；物體維持等速度直線運動不必有持續推力，摩擦常讓日常經驗掩蓋這點。	nist_physics
P002	laws	經典物理	easy	相同大小的力作用時，為什麼尖針比平面更容易刺入材料？	尖針的質量必定比較大	力集中在較小面積，使壓力較大	尖針會消除材料中的所有原子鍵	平面完全不會傳遞力	B	壓力等於垂直力除以受力面積；在相同力下，面積越小，局部壓力越高。	nist_physics
P003	laws	經典物理	medium	封閉系統中兩物體碰撞時，哪個量在沒有外力衝量時必須守恆？	系統總動量	每個物體各自的速度	每個物體各自的動能	碰撞前後物體形狀	A	總動量在孤立系統中守恆；非彈性碰撞可把部分動能轉成熱、聲音或變形，因此動能未必守恆。	nist_physics
P004	laws	經典物理	medium	盪鞦韆時按接近自然頻率的節奏施力，振幅容易增大，這是什麼現象？	量子穿隧	共振	放射性衰變	光電效應	B	週期外力接近系統自然頻率時，每次輸入能量能有效累積，形成共振；阻尼與非線性會限制振幅。	nist_physics
P005	laws	經典物理	hard	熱力學第二定律對孤立系統最合適的說法是什麼？	總熵在自發過程中傾向不減少，宏觀不可逆性來自微觀狀態統計	能量會在每次轉換中被真正消滅	所有局部結構都不能形成	熵永遠等同於肉眼看到的凌亂程度	A	第二定律不禁止冰箱或生命形成局部秩序；它要求連同環境計算後，孤立整體的熵不會自發下降。	nist_physics
P006	laws	經典物理	hard	在穩定、不可壓縮且黏性可忽略的流線上，伯努力關係常預測什麼？	流速越高，所有形式能量都無限增加	若高度相同，流速較高處的靜壓通常較低	流體越快，密度必定變成零	它適用於所有湍流、激波與黏滯流且無須修正	B	伯努力方程表達沿流線的壓力、動能與位能交換；實際流動若有黏性、渦流或外加功，必須加入相應項目。	nist_physics
P007	laws	相對論與重力	easy	狹義相對論的時間膨脹代表什麼？	所有時鐘不論運動都顯示同一讀數	只有機械鐘受速度影響，原子鐘不受影響	相對高速運動的時鐘，對另一慣性觀測者累積較少固有時間	高速運動會讓時間在宇宙中絕對停止	C	時間間隔與參考系有關；沿不同時空路徑的時鐘重聚時，可實際比較出累積固有時間差。	einstein_online
P008	laws	相對論與重力	easy	太空人繞地球軌道運行時，為何會感到失重？	軌道高度的地球重力完全為零	太空艙內的空氣抵銷了重力	離開地面後質量暫時消失	太空人與太空艙一起持續自由落體，只是不斷錯過地面	D	低地球軌道仍有顯著重力；艙內物體共同自由落體，彼此間缺少支撐力，因此呈現微重力狀態。	einstein_online
P009	laws	相對論與重力	medium	愛因斯坦等效原理的核心想法是什麼？	在足夠小的局部區域，均勻重力與加速參考系的效應可等價	重力與電磁力在任何尺度都完全相同	只有光有慣性，物質沒有	自由落體物體會失去所有能量	A	封閉電梯中的局部實驗難以分辨是處於重力場還是整個電梯在加速，這個洞見引導出廣義相對論的幾何重力觀。	einstein_online
P010	laws	相對論與重力	medium	LIGO 直接偵測到的重力波最接近什麼？	黑洞發出的普通聲波	加速質量系統造成、以光速傳播的時空幾何漣漪	暗物質粒子撞擊鏡子的火花	地震波穿過真空抵達探測器	B	雙黑洞等系統的非對稱加速運動會輻射重力波；干涉儀量測它通過時造成的極微小臂長比例變化。	ligo
P011	laws	相對論與重力	hard	黑洞的事件視界在物理上是什麼？	由固體物質構成、會反光的球殼	黑洞內部密度最大的單一點	向外發出的因果訊號無法逃至遠方的時空邊界	所有進入物質立即停止存在的魔法牆	C	事件視界不是材料表面，而是因果結構的邊界；跨過之後，所有未來指向的路徑都無法回到外部遠方。	einstein_online
P012	laws	相對論與重力	hard	GPS 為何必須納入相對論校正？	衛星速度只會改變訊號顏色，不影響時鐘	地球磁場讓所有石英鐘停止	大氣會自動把誤差完全抵銷	衛星速度與較弱重力都會改變時鐘速率，未校正會快速累積定位誤差	D	GPS 同時受到狹義相對論的速度效應與廣義相對論的重力位勢效應；系統預先校正並持續同步原子鐘。	einstein_online
P013	laws	量子與粒子	easy	「原子大部分是空的」較精確的意思是什麼？	原子質量集中在極小原子核，電子以量子機率分布占據較大尺度	電子與原子核之間是真正不存在任何場的絕對虛無	原子可以無限制互相穿過而不作用	原子核體積占據整顆原子的絕大部分	A	原子核尺度遠小於電子雲，但「空間」中仍存在電磁場與電子波函數；物質不互穿主要來自電磁作用與量子規則。	doe_quantum
P014	laws	量子與粒子	easy	光子的能量與什麼量成正比？	光束在空氣中的寬度	光的頻率	光源與地球的距離平方	單一光子的傳播時間	B	普朗克關係 E=hf 表示頻率越高，單一光子能量越大；光束總能量還取決於光子數量。	doe_quantum
P015	laws	量子與粒子	medium	海森堡不確定關係最重要的含義是什麼？	某些共軛物理量不能同時具有任意精確的量子狀態，不只是儀器粗糙	只要換成更好的顯微鏡就能完全消除	粒子其實有確定值，只是人類永遠不准計算	它只適用於大型行星，不適用於原子	A	不確定關係源自量子態與不可交換觀測量的數學結構；它不是單純由測量時「碰壞粒子」造成。	doe_quantum
P016	laws	量子與粒子	medium	量子穿隧為何能讓粒子越過經典上能量不足的障壁？	障壁會偷偷替粒子增加永久能量	波函數在障壁內仍可延伸，使另一側有非零出現機率	粒子沿第四空間繞過所有物理定律	穿隧只是假象，從未影響任何裝置	B	量子態具有波動性，有限障壁中的波函數通常指數衰減但不立刻為零；這使穿隧成為核衰變、掃描穿隧顯微鏡等真實效應。	doe_quantum
P017	laws	量子與粒子	hard	希格斯場與可見物質質量的關係，哪項最準確？	基本粒子與希格斯場的耦合提供部分靜止質量，但質子大部分質量來自強作用能量	希格斯場直接創造宇宙中所有能量	沒有希格斯場，重力就完全不存在	希格斯玻色子就是構成原子核的黏著劑	A	希格斯機制賦予 W、Z 與費米子等基本粒子質量；質子、中子的大部分質量則來自夸克與膠子強作用的動能及束縛能。	cern
P018	laws	量子與粒子	hard	中微子振盪的發現為何重要？	證明中微子能在真空中超光速	顯示不同味中微子可互相轉換，意味質量本徵態有非零差異	證明中微子就是暗能量	表示標準模型中所有粒子都有相同質量	B	若所有中微子質量都完全相同且為零，就不會出現觀測到的相位振盪；因此它是超越最簡標準模型的重要線索。	cern
P019	laws	化學與材料	easy	催化劑如何加快化學反應？	增加反應物與生成物的總能量差	強迫化學平衡永遠只向生成物移動	提供較低活化能的反應路徑，本身可在循環後再生	把所有分子溫度立即提高到無限大	C	催化劑改變反應途徑與速率，通常同時加快正、逆反應；它不改變固定條件下的平衡常數。	acs
P020	laws	化學與材料	easy	水溶液的 pH 值主要描述什麼？	溶液中所有原子的總數	液體顏色深淺	容器能承受的最高壓力	氫離子活度的對數尺度，數值越低通常越酸	D	pH 約為氫離子活度負對數，因此相差一個 pH 單位通常代表約十倍尺度差；極濃溶液需更精細處理。	acs
P021	laws	化學與材料	medium	鑽石與石墨都主要由碳構成，性質卻差很多，關鍵是什麼？	碳原子的鍵結方式與晶體結構不同	石墨完全不含電子	鑽石中的碳原子質量較大	兩者只因顏色不同，力學性質其實相同	A	鑽石具有三維四面體共價網路；石墨則是層狀 sp2 鍵結並有離域電子，因此硬度與導電性大不相同。	acs
P022	laws	化學與材料	medium	半導體摻雜的主要目的為何？	讓晶片材料變成完全沒有原子的真空	引入受控雜質，調整可移動電子或電洞的濃度	只改變晶片外觀顏色	使材料在任何溫度都成為完美導體	B	施體與受體雜質可形成 n 型或 p 型半導體；把兩者組合後才能製作二極體、電晶體等元件。	nist_physics
P023	laws	化學與材料	hard	超導體進入超導態時，哪組特徵最具代表性？	電阻變大且磁場完全被吸入	只要低溫就能永久儲存無限能量	直流電阻降至不可測並出現邁斯納排磁，但受臨界溫度、磁場與電流限制	所有超導體都能在室溫常壓穩定運作	C	超導不是單純「很好的導體」；邁斯納效應顯示它具有特殊量子相，但超過臨界條件後會恢復普通狀態。	nist_physics
P024	laws	化學與材料	hard	石墨烯兼具高強度與高導電性的結構基礎是什麼？	它是多層金屬原子隨機堆積	它靠內部液體傳導電子	它的每個碳原子都與六個鄰居形成離子鍵	單原子厚的六角 sp2 碳網格具有強面內鍵與離域電子	D	強共價鍵提供優異面內力學性質，離域 π 電子則造成特殊電子傳輸；實際宏觀材料仍受缺陷、尺寸與基板影響。	acs
F001	future	能源與氣候	easy	「再生能源」最核心的判準是什麼？	能源來源能在人類時間尺度上由自然過程持續補充	使用時完全不產生任何環境影響	設備不需要任何礦物與土地	只有太陽能可以被稱為再生能源	A	太陽、風、水流、地熱與部分生質來源可持續補充；再生不等於零影響，仍要評估生命週期、土地與電網需求。	doe_energy
F002	future	能源與氣候	easy	氣候科學中的「輻射強迫」描述什麼？	颱風中心的最大風速	某項因素改變地球能量收支的方向與大小	雲層對飛機造成的機械推力	太陽黑子數量本身，不考慮能量變化	B	溫室氣體、氣膠或太陽變化可改變進出地球系統的能量差；正強迫傾向增暖，負強迫傾向降溫。	nasa_climate
F003	future	能源與氣候	medium	現有核分裂發電廠主要從哪個過程取得熱能？	重原子核裂成較輕碎片並釋放束縛能	把氫直接融合成氦	把電子完全轉換成光子而不留下原子核	利用地球磁場摩擦渦輪葉片	A	鈾等重核吸收中子後裂變，碎片動能轉成熱並產生更多中子；反應爐用控制與冷卻系統維持可管理的鏈式反應。	doe_energy
F004	future	能源與氣候	medium	大量儲能設備加入電網，主要能解決什麼問題？	創造不需輸入的永久能源	把發電與用電在時間上錯開，平衡波動與尖峰需求	讓輸電線不再有任何損耗	保證所有發電方式都完全不受天候影響	B	電池、抽蓄等可在供給多時儲能、需求高時釋放，改善可變再生能源整合；儲能本身仍有容量、效率與成本限制。	doe_energy
F005	future	能源與氣候	hard	為什麼氣候政策常討論「剩餘碳預算」？	長期增暖與人類累積二氧化碳排放量近似相關，可把溫度目標轉成有限排放總量	每年排放量只要不增加，累積濃度就會立即下降	碳預算是各國中央銀行能印出的貨幣上限	它能精確保證某一年每個城市的氣溫	A	二氧化碳長期累積使總排放量成為關鍵；碳預算帶有氣候敏感度、非二氧化碳效應與機率等不確定性，不是絕對保證。	nasa_climate
F006	future	能源與氣候	hard	受控核融合要成為實用電源，除了讓燃料發生融合，還必須跨過哪些主要難關？	只要第一次點火成功，裝置之後不需能量與維修	長時間約束高溫電漿、取得系統淨能量並處理材料與燃料循環	把反應溫度降到冰點以下	在開放空氣中讓氫氣自行持續燃燒	B	融合研究要同時處理約束、穩定性、耐中子材料、氚增殖、熱轉換與可維護性；單次物理增益不等於整座電廠淨發電。	doe_energy
F007	future	計算與人工智慧	easy	電腦科學中的「演算法」是什麼？	任何看起來複雜的電腦畫面	只有人工智慧才能執行的神祕公式	為解決一類問題而定義的有限、可執行步驟	儲存在硬碟裡的所有資料總和	C	演算法描述輸入如何經明確步驟轉成輸出；同一問題可能有多種正確演算法，效率與適用條件也不同。	nist_ai
F008	future	計算與人工智慧	easy	機器學習與傳統逐條規則程式最主要的差別之一是什麼？	機器學習不需要資料也不需要目標	傳統程式永遠不能處理數字	機器學習模型學成後必定永遠正確	模型從資料調整參數以擷取模式，而非由人手列出所有判斷規則	D	機器學習仍由人設計目標、資料流程與評估；它擅長從案例調整大量參數，但可能學到偏差或脆弱關聯。	nist_ai
F009	future	計算與人工智慧	medium	神經網路「訓練」時通常在做什麼？	依損失函數與資料反覆調整權重，使預測誤差降低	把每個訓練範例原封不動存成唯一答案	讓模型自行決定法律與倫理標準	把處理器溫度提高來增加智慧	A	最佳化演算法利用梯度等資訊調整權重；訓練誤差下降不等於能泛化到新資料，因此需要驗證、測試與風險評估。	nist_ai
F010	future	計算與人工智慧	medium	公開金鑰密碼系統為何能讓陌生人安全傳遞資料？	公開金鑰和私密金鑰內容完全相同	一對數學相關但用途不同的金鑰，讓公開操作不必暴露私密金鑰	所有訊息都必須先公開給全世界閱讀	安全性只靠把演算法名稱保密	B	依系統不同，公開金鑰可用於加密或驗證，私密金鑰用於解密或簽署；安全性建立在計算困難問題與妥善金鑰管理。	nist_ai
F011	future	計算與人工智慧	hard	量子電腦若成熟，最合理的能力預期是什麼？	對某些具有合適量子演算法的問題提供顯著加速，而不是讓所有程式瞬間完成	取代所有感測器，直接知道自然界答案	違反能量守恆進行無限次計算	自動解決所有尚未形式化的人類價值衝突	A	Shor、Grover 或量子模擬展示問題特定的優勢；資料輸入、錯誤校正與大量一般工作仍可能更適合傳統電腦。	doe_quantum
F012	future	計算與人工智慧	hard	生成式 AI 的「幻覺」最準確指什麼？	模型硬體因過熱看見影像	模型產生語句流暢、看似可信，但缺乏依據或與事實衝突的內容	任何模型使用比喻都算幻覺	只要答案不符合使用者偏好就算幻覺	B	語言模型最佳化的是序列生成，不內建可靠的真偽驗證；檢索、工具、結構化輸出與人工審核能降低風險，但不能假裝風險為零。	nist_ai
F013	future	太空與工程	easy	衛星能繞地球運行，並不是因為那裡沒有重力，而是因為什麼？	它以足夠橫向速度持續自由落體，地表同時向下彎離	太空中所有物體都自動靜止	衛星磁鐵吸住地球磁極	太陽風把衛星固定在同一高度	A	軌道是「不斷下落但一直錯過地面」；重力提供向心加速度，速度與高度共同決定軌道形狀。	nasa_technology
F014	future	太空與工程	easy	火箭能在真空中加速，主要依據什麼？	需要把廢氣推在空氣上才能前進	向後高速噴出質量，依動量守恆得到向前推力	真空會從前方吸引火箭	燃料燃燒後會暫時取消火箭質量	B	火箭與噴氣的總動量守恆；噴嘴向後加速質量，火箭就獲得相反方向的動量，不需要外部空氣當支點。	nasa_technology
F015	future	太空與工程	medium	返回艙高速再入大氣時，隔熱盾如何保護內部？	耐熱材料承受、反射或燒蝕帶走熱量，並控制熱流進入結構	從太空攜帶大量冷空氣包住整艘船	讓返回艙停止受到任何空氣作用	把摩擦熱全部變成重力	A	再入激波與高溫氣體帶來巨大熱流；燒蝕材料可分解、氣化並帶走能量，其他系統則用耐高溫與隔熱結構管理熱量。	nasa_technology
F016	future	太空與工程	medium	離子推進器的典型優勢與限制是什麼？	推力極大但只能運作一秒	推力小但比衝高，可長時間高效率改變深空探測器速度	不用電力也不用推進劑	只能在濃厚大氣中工作	B	離子推進把少量推進劑加速到很高排氣速度，節省質量但瞬時推力很小，適合長時間任務而非地表起飛。	nasa_technology
F017	future	太空與工程	hard	地球太空電梯最核心的材料難題是什麼？	纜索必須在自重與旋轉張力下仍有極高比強度，並跨越地球同步軌道	只要使用普通鋼纜就能忽略數萬公里自重	纜索必須完全不受地球自轉影響	電梯頂端只要到國際太空站高度即可靜止	A	地球同步結構需延伸到同步軌道之外以提供張力；大氣、碎片、振動與建造也是難題，但材料的強度重量比是首要門檻。	nasa_technology
F018	future	太空與工程	hard	長期載人深空任務為何需要「閉環生命維持」？	為了讓太空船外形形成圓環	盡可能回收水、氧與部分養分，降低必須從地球攜帶的補給	因為真空能自動製造食物	閉環代表船員永遠不能與外界通訊	B	任務越遠，補給成本與延遲越高；閉環系統需管理空氣、水、廢物與微生物，但完全自給仍是艱難工程目標。	nasa_technology
F019	future	科幻與現實邊界	easy	「曲速引擎」目前最合適的科學狀態是什麼？	已有載人原型在太陽系內測試	被廣義相對論完全禁止，連數學描述都不存在	某些廣義相對論度規可描述曲速泡，但需特殊能量條件且未實現	只差把普通火箭燃料換成核能即可建造	C	Alcubierre 度規展示時空幾何上的數學可能性，卻涉及負能量、穩定性、因果與巨大工程問題；沒有可用曲速引擎證據。	alcubierre
F020	future	科幻與現實邊界	easy	現實的「量子傳態」與科幻人體傳送器有何根本差別？	量子傳態已能把完整人體瞬間搬到火星	量子傳態允許不經任何通訊超光速傳訊	科幻傳送器只是量子傳態設備放大版	量子傳態轉移量子態資訊，仍需共享糾纏與經典通訊，不搬運原物體	D	量子傳態能把未知量子態重建到遠端系統，但原態在過程中被破壞，且經典訊息不能超光速傳遞。	doe_quantum
F021	future	科幻與現實邊界	medium	可穿越蟲洞目前面臨的主要科學問題是什麼？	理論模型通常需要違反一般能量條件的效應，而且尚無觀測證據	天文學家已找到入口，只是不知道如何買票	蟲洞已被證明等同普通黑洞且人人能通過	只要鑽穿行星就能形成時空捷徑	A	Morris–Thorne 類模型能寫出可穿越幾何，但維持喉部通常需要特殊能量條件；自然界是否允許宏觀穩定版本仍未知。	morris_thorne
F022	future	科幻與現實邊界	medium	戴森球概念真正想解決的是什麼問題？	替行星建造完全透明的大氣層	以大量環繞恆星的結構截取文明可利用的恆星能量	把恆星壓縮成黑洞作為武器	讓單一行星停止自轉	B	較合理的工程想像通常是大量獨立收能設施形成「戴森群」，而非一個剛性實心殼；它仍遠超目前文明能力。	nasa_technology
F023	future	科幻與現實邊界	hard	費米悖論所指出的核心張力是什麼？	宇宙尺度與可能的文明數量似乎很大，卻尚未取得明確外星科技證據	所有外星文明必定同時滅亡	光速其實比物理學測得更慢	地球是宇宙唯一行星已被數學證明	A	費米悖論不是證明外星人不存在，而是要求解釋期望、演化時間、可偵測性與目前沉默之間的落差。	nasa_universe
F024	future	科幻與現實邊界	hard	世代飛船與冬眠船最關鍵的任務差別是什麼？	世代飛船只載機器人，冬眠船只能載植物	世代飛船讓多代人在航程中生活繁衍，冬眠船假設乘員大部分航程降低代謝或休眠	世代飛船必定超光速，冬眠船必定瞬間移動	兩者都已被證實可在數百年任務中可靠運作	B	世代飛船把封閉生態、人口遺傳、治理與文化延續變成核心；冬眠船則把長期低代謝、安全喚醒等尚未成熟的生醫技術置於核心。	nasa_technology
